EVENT_HEADLINE,EVENT_ARENA,EVENT_LOCATION,FIGHTERS_DIVISION,EVENT_CARD,FIGHTER1,FIGHTER1_IMAGE,FIGHTER1_COUNTRY,FIGHTER1_ODD,FIGHTER2,FIGHTER2_IMAGE,FIGHTER2_COUNTRY,FIGHTER2_ODD,EVENT_DATETIME,EVENT_COVER_IMAGE
UFC 304,Co-op Live,Manchester United Kingdom,Welterweight Title Bout,Main Card,Leon Edwards,https://dmxg5wxfqgb4u.cloudfront.net/styles/event_fight_card_upper_body_of_standing_athlete/s3/2024-07/EDWARDS_LEON_BELT_L_07-27.png?itok=GjuJNMYN,England,"
-250
",Belal Muhammad,https://dmxg5wxfqgb4u.cloudfront.net/styles/event_fight_card_upper_body_of_standing_athlete/s3/2024-07/MUHAMMAD_BELAL_R_07-27.png?itok=TTy00aqH,,"
+205
","Sun, Jul 28 / 4:00 AM SAST",https://dmxg5wxfqgb4u.cloudfront.net/styles/background_image_sm/s3/2024-06/072724-ufc-304-edwards-vs-muhammad-2-EVENT-ART.jpg?h=d1cb525d&itok=tL86i44A
UFC 304,Co-op Live,Manchester United Kingdom,Heavyweight Interim Title Bout,Main Card,Tom Aspinall,https://dmxg5wxfqgb4u.cloudfront.net/styles/event_fight_card_upper_body_of_standing_athlete/s3/2024-07/ASPINALL_TOM_BELT_L_07-27.png?itok=R0bmd1U2,England,"
-355
",Curtis Blaydes,https://dmxg5wxfqgb4u.cloudfront.net/styles/event_fight_card_upper_body_of_standing_athlete/s3/2024-07/BLAYDES_CURTIS_R_07-27.png?itok=lSBWRp-V,United States,"
+280
","Sun, Jul 28 / 4:00 AM SAST",https://dmxg5wxfqgb4u.cloudfront.net/styles/background_image_sm/s3/2024-06/072724-ufc-304-edwards-vs-muhammad-2-EVENT-ART.jpg?h=d1cb525d&itok=tL86i44A
UFC 304,Co-op Live,Manchester United Kingdom,Lightweight Bout,Main Card,King Green,https://dmxg5wxfqgb4u.cloudfront.net/styles/event_fight_card_upper_body_of_standing_athlete/s3/2024-07/GREEN_KING_L_07-27.png?itok=Jyjz6h2O,United States,"
-125
",Paddy Pimblett,https://dmxg5wxfqgb4u.cloudfront.net/styles/event_fight_card_upper_body_of_standing_athlete/s3/2024-07/PIMBLETT_PADDY_R_07-27.png?itok=ErFHldVX,England,"
+105
","Sun, Jul 28 / 4:00 AM SAST",https://dmxg5wxfqgb4u.cloudfront.net/styles/background_image_sm/s3/2024-06/072724-ufc-304-edwards-vs-muhammad-2-EVENT-ART.jpg?h=d1cb525d&itok=tL86i44A
UFC 304,Co-op Live,Manchester United Kingdom,Middleweight Bout,Main Card,Christian Leroy Duncan,https://dmxg5wxfqgb4u.cloudfront.net/styles/event_fight_card_upper_body_of_standing_athlete/s3/2024-07/DUNCAN_CHRISTIAN_LEROY_L_07-27.png?itok=CS75_UMw,England,"
-142
",Gregory Rodrigues,https://dmxg5wxfqgb4u.cloudfront.net/styles/event_fight_card_upper_body_of_standing_athlete/s3/2022-06/eb3ddab2-8ca0-47b9-b531-e890a58efa2c%252FRODRIGUES_GREGORY_R_06-18.png?itok=IKumswEz,Brazil,"
+120
","Sun, Jul 28 / 4:00 AM SAST",https://dmxg5wxfqgb4u.cloudfront.net/styles/background_image_sm/s3/2024-06/072724-ufc-304-edwards-vs-muhammad-2-EVENT-ART.jpg?h=d1cb525d&itok=tL86i44A
UFC 304,Co-op Live,Manchester United Kingdom,Featherweight Bout,Main Card,Arnold Allen,https://dmxg5wxfqgb4u.cloudfront.net/styles/event_fight_card_upper_body_of_standing_athlete/s3/2024-07/ALLEN_ARNOLD_L_07-27.png?itok=VDfFLA_A,England,"
-238
",Giga Chikadze,https://dmxg5wxfqgb4u.cloudfront.net/styles/event_fight_card_upper_body_of_standing_athlete/s3/2024-07/CHIKADZE_GIGA_R_07-27.png?itok=f1tWV4Tg,Georgia,"
+195
","Sun, Jul 28 / 4:00 AM SAST",https://dmxg5wxfqgb4u.cloudfront.net/styles/background_image_sm/s3/2024-06/072724-ufc-304-edwards-vs-muhammad-2-EVENT-ART.jpg?h=d1cb525d&itok=tL86i44A
UFC 304,Co-op Live,Manchester United Kingdom,Featherweight Bout,Prelims,Nathaniel Wood,https://dmxg5wxfqgb4u.cloudfront.net/styles/event_fight_card_upper_body_of_standing_athlete/s3/2024-07/WOOD_NATHANIEL_L_07-27.png?itok=KwKnFoMB,England,"
-425
",Daniel Pineda,https://dmxg5wxfqgb4u.cloudfront.net/styles/event_fight_card_upper_body_of_standing_athlete/s3/2024-07/PINEDA_DANIEL_R_07-27.png?itok=x-id0krR,United States,"
+330
","Sun, Jul 28 / 2:00 AM SAST",https://dmxg5wxfqgb4u.cloudfront.net/styles/background_image_sm/s3/2024-06/072724-ufc-304-edwards-vs-muhammad-2-EVENT-ART.jpg?h=d1cb525d&itok=tL86i44A
UFC 304,Co-op Live,Manchester United Kingdom,Women's Strawweight Bout,Prelims,Molly McCann,https://dmxg5wxfqgb4u.cloudfront.net/styles/event_fight_card_upper_body_of_standing_athlete/s3/2024-07/MCCANN_MOLLY_L_07-27.png?itok=EefdWkL5,England,"
-360
",Bruna Brasil,https://dmxg5wxfqgb4u.cloudfront.net/styles/event_fight_card_upper_body_of_standing_athlete/s3/2024-07/BRASIL_BRUNA_R_07-27.png?itok=GSOcnWNT,Brazil,"
+285
","Sun, Jul 28 / 2:00 AM SAST",https://dmxg5wxfqgb4u.cloudfront.net/styles/background_image_sm/s3/2024-06/072724-ufc-304-edwards-vs-muhammad-2-EVENT-ART.jpg?h=d1cb525d&itok=tL86i44A
UFC 304,Co-op Live,Manchester United Kingdom,Bantamweight Bout,Prelims,Jake Hadley,https://dmxg5wxfqgb4u.cloudfront.net/styles/event_fight_card_upper_body_of_standing_athlete/s3/2024-07/HADLEY_JAKE_L_07-27.png?itok=RwBdxBre,England,"
-218
",Caolán Loughran,https://dmxg5wxfqgb4u.cloudfront.net/styles/event_fight_card_upper_body_of_standing_athlete/s3/2024-07/LOUGHRAN_CAOLAN_R_07-27.png?itok=R41tQHnw,Ireland,"
+180
","Sun, Jul 28 / 2:00 AM SAST",https://dmxg5wxfqgb4u.cloudfront.net/styles/background_image_sm/s3/2024-06/072724-ufc-304-edwards-vs-muhammad-2-EVENT-ART.jpg?h=d1cb525d&itok=tL86i44A
UFC 304,Co-op Live,Manchester United Kingdom,Light Heavyweight Bout,Prelims,Modestas Bukauskas,https://dmxg5wxfqgb4u.cloudfront.net/styles/event_fight_card_upper_body_of_standing_athlete/s3/2024-07/BUKAUSKAS_MODESTAS_L_07-27.png?itok=HFIAH3Tv,Lithuania,"
-155
",Marcin Prachnio,https://dmxg5wxfqgb4u.cloudfront.net/styles/event_fight_card_upper_body_of_standing_athlete/s3/2024-07/PRACHNIO_MARCIN_R_07-27.png?itok=843qsQUS,Poland,"
+130
","Sun, Jul 28 / 2:00 AM SAST",https://dmxg5wxfqgb4u.cloudfront.net/styles/background_image_sm/s3/2024-06/072724-ufc-304-edwards-vs-muhammad-2-EVENT-ART.jpg?h=d1cb525d&itok=tL86i44A
UFC 304,Co-op Live,Manchester United Kingdom,Welterweight Bout,Early Prelims,Oban Elliott,https://dmxg5wxfqgb4u.cloudfront.net/styles/event_fight_card_upper_body_of_standing_athlete/s3/2024-07/ELLIOTT_OBAN_L_07-27.png?itok=E_vRXTGx,Wales,"
+120
",Preston Parsons,https://dmxg5wxfqgb4u.cloudfront.net/styles/event_fight_card_upper_body_of_standing_athlete/s3/2024-07/PARSONS_PRESTON_R_07-27.png?itok=3_SvdqU_,United States,"
-142
","Sun, Jul 28 / 12:15 AM SAST",https://dmxg5wxfqgb4u.cloudfront.net/styles/background_image_sm/s3/2024-06/072724-ufc-304-edwards-vs-muhammad-2-EVENT-ART.jpg?h=d1cb525d&itok=tL86i44A
UFC 304,Co-op Live,Manchester United Kingdom,Flyweight Bout,Early Prelims,Muhammad Mokaev,https://dmxg5wxfqgb4u.cloudfront.net/styles/event_fight_card_upper_body_of_standing_athlete/s3/2022-03/911ce7a0-a97f-497c-9a2d-b3bbfa3e50d8%252FMOKAEV_MUHAMMAD_L_03-19.png?itok=QZSQVqHf,United Kingdom,"
-148
",Manel Kape,https://dmxg5wxfqgb4u.cloudfront.net/styles/event_fight_card_upper_body_of_standing_athlete/s3/2024-07/KAPE_MANEL_R_07-27.png?itok=FVKydLjn,Portugal,"
+124
","Sun, Jul 28 / 12:15 AM SAST",https://dmxg5wxfqgb4u.cloudfront.net/styles/background_image_sm/s3/2024-06/072724-ufc-304-edwards-vs-muhammad-2-EVENT-ART.jpg?h=d1cb525d&itok=tL86i44A
UFC 304,Co-op Live,Manchester United Kingdom,Welterweight Bout,Early Prelims,Sam Patterson,https://dmxg5wxfqgb4u.cloudfront.net/styles/event_fight_card_upper_body_of_standing_athlete/s3/2024-07/PATTERSON_SAM_L_07-27.png?itok=aXLa18Zc,England,"
-375
",Kiefer Crosbie,https://dmxg5wxfqgb4u.cloudfront.net/styles/event_fight_card_upper_body_of_standing_athlete/s3/2024-07/CROSBIE_KIEFER_R_07-27.png?itok=IQVy-adG,Ireland,"
+295
","Sun, Jul 28 / 12:15 AM SAST",https://dmxg5wxfqgb4u.cloudfront.net/styles/background_image_sm/s3/2024-06/072724-ufc-304-edwards-vs-muhammad-2-EVENT-ART.jpg?h=d1cb525d&itok=tL86i44A
UFC 304,Co-op Live,Manchester United Kingdom,Heavyweight Bout,Early Prelims,Mick Parkin,https://dmxg5wxfqgb4u.cloudfront.net/styles/event_fight_card_upper_body_of_standing_athlete/s3/2024-07/PARKIN_MICK_L_07-27.png?itok=l0AtairS,England,"
-278
",Lukasz Brzeski,https://dmxg5wxfqgb4u.cloudfront.net/styles/event_fight_card_upper_body_of_standing_athlete/s3/2024-07/BRZESKI_LUKASZ_R_07-27.png?itok=oXRfFf0-,Poland,"
+225
","Sun, Jul 28 / 12:15 AM SAST",https://dmxg5wxfqgb4u.cloudfront.net/styles/background_image_sm/s3/2024-06/072724-ufc-304-edwards-vs-muhammad-2-EVENT-ART.jpg?h=d1cb525d&itok=tL86i44A
UFC 304,Co-op Live,Manchester United Kingdom,Women's Strawweight Bout,Early Prelims,Shauna Bannon,https://dmxg5wxfqgb4u.cloudfront.net/styles/event_fight_card_upper_body_of_standing_athlete/s3/2024-07/BANNON_SHAUNA_L_07-27.png?itok=jsM9WeIb,Ireland,"
+114
",Alice Ardelean,https://dmxg5wxfqgb4u.cloudfront.net/styles/event_fight_card_upper_body_of_standing_athlete/s3/2024-07/ARDELEAN_ALICE_R_07-27.png?itok=3S5qbN1y,,"
-135
","Sun, Jul 28 / 12:15 AM SAST",https://dmxg5wxfqgb4u.cloudfront.net/styles/background_image_sm/s3/2024-06/072724-ufc-304-edwards-vs-muhammad-2-EVENT-ART.jpg?h=d1cb525d&itok=tL86i44A
UFC Fight Night,Etihad Arena,Abu Dhabi United Arab Emirates,Bantamweight Bout,Main Card,Cory Sandhagen,https://dmxg5wxfqgb4u.cloudfront.net/styles/event_fight_card_upper_body_of_standing_athlete/s3/2023-08/SANDHAGEN_CORY_L_08-05.png?itok=Bv7Snuvh,United States,"
+205
",Umar Nurmagomedov,https://dmxg5wxfqgb4u.cloudfront.net/styles/event_fight_card_upper_body_of_standing_athlete/s3/2024-03/NURMAGOMEDOV_UMAR_R_03-02.png?itok=VbZqmBef,Russia,"
-250
","Sat, Aug 3 / 9:00 PM SAST",https://dmxg5wxfqgb4u.cloudfront.net/styles/background_image_sm/s3/2024-06/080324-ufc-fight-night-sandhagen-vs-nurmagomedov-EVENT-ART.jpg?h=d1cb525d&itok=xiXgf09r
UFC Fight Night,Etihad Arena,Abu Dhabi United Arab Emirates,Middleweight Bout,Main Card,Shara Magomedov,https://dmxg5wxfqgb4u.cloudfront.net/styles/event_fight_card_upper_body_of_standing_athlete/s3/2024-06/MAGOMEDOV_SHARA_L_06-22.png?itok=f7aov0zX,Russia,"
-
",Michal Oleksiejczuk,https://dmxg5wxfqgb4u.cloudfront.net/styles/event_fight_card_upper_body_of_standing_athlete/s3/2024-05/OLEKSIEJCZUK_MICHAL_R_06-01.png?itok=iKtoOK0y,Poland,"
-
","Sat, Aug 3 / 9:00 PM SAST",https://dmxg5wxfqgb4u.cloudfront.net/styles/background_image_sm/s3/2024-06/080324-ufc-fight-night-sandhagen-vs-nurmagomedov-EVENT-ART.jpg?h=d1cb525d&itok=xiXgf09r
UFC Fight Night,Etihad Arena,Abu Dhabi United Arab Emirates,Bantamweight Bout,Main Card,Marlon Vera,https://dmxg5wxfqgb4u.cloudfront.net/styles/event_fight_card_upper_body_of_standing_athlete/s3/2024-03/VERA_MARLON_L_03-09.png?itok=J7NPHa1B,Ecuador,"
+136
",Deiveson Figueiredo,https://dmxg5wxfqgb4u.cloudfront.net/styles/event_fight_card_upper_body_of_standing_athlete/s3/2023-11/FIGUEIREDO_DEIVESON_R_12-02.png?itok=A0AEMDos,Brazil,"
-162
","Sat, Aug 3 / 9:00 PM SAST",https://dmxg5wxfqgb4u.cloudfront.net/styles/background_image_sm/s3/2024-06/080324-ufc-fight-night-sandhagen-vs-nurmagomedov-EVENT-ART.jpg?h=d1cb525d&itok=xiXgf09r
UFC Fight Night,Etihad Arena,Abu Dhabi United Arab Emirates,Welterweight Bout,Main Card,Tony Ferguson,https://dmxg5wxfqgb4u.cloudfront.net/styles/event_fight_card_upper_body_of_standing_athlete/s3/2023-12/FERGUSON_TONY_L_12-16.png?itok=sETe3UzJ,United States,"
+320
",Michael Chiesa,https://dmxg5wxfqgb4u.cloudfront.net/styles/event_fight_card_upper_body_of_standing_athlete/s3/2024-01/CHIESA_MICHAEL_R_07-29.png?itok=IZMRenT6,United States,"
-410
","Sat, Aug 3 / 9:00 PM SAST",https://dmxg5wxfqgb4u.cloudfront.net/styles/background_image_sm/s3/2024-06/080324-ufc-fight-night-sandhagen-vs-nurmagomedov-EVENT-ART.jpg?h=d1cb525d&itok=xiXgf09r
UFC Fight Night,Etihad Arena,Abu Dhabi United Arab Emirates,Women's Strawweight Bout,Main Card,Mackenzie Dern,https://dmxg5wxfqgb4u.cloudfront.net/styles/event_fight_card_upper_body_of_standing_athlete/s3/2024-01/DERN_MACKENZIE_L_11-11.png?itok=eLTnZFqf,Brazil,"
-
",Loopy Godinez,https://dmxg5wxfqgb4u.cloudfront.net/styles/event_fight_card_upper_body_of_standing_athlete/s3/2024-03/GODINEZ_LOOPY_R_03-30.png?itok=0_zG6suN,Mexico,"
-
","Sat, Aug 3 / 9:00 PM SAST",https://dmxg5wxfqgb4u.cloudfront.net/styles/background_image_sm/s3/2024-06/080324-ufc-fight-night-sandhagen-vs-nurmagomedov-EVENT-ART.jpg?h=d1cb525d&itok=xiXgf09r
UFC Fight Night,Etihad Arena,Abu Dhabi United Arab Emirates,Lightweight Bout,Main Card,Joel Álvarez,https://dmxg5wxfqgb4u.cloudfront.net/styles/event_fight_card_upper_body_of_standing_athlete/s3/2023-07/ALVAREZ_JOEL_L_07-22.png?itok=qIE1L5C3,Spain,"
-
",Elves Brener,https://dmxg5wxfqgb4u.cloudfront.net/styles/event_fight_card_upper_body_of_standing_athlete/s3/2024-05/BRENNER_ELVES_R_11-04.png?itok=bdO4qdWX,Brazil,"
-
","Sat, Aug 3 / 9:00 PM SAST",https://dmxg5wxfqgb4u.cloudfront.net/styles/background_image_sm/s3/2024-06/080324-ufc-fight-night-sandhagen-vs-nurmagomedov-EVENT-ART.jpg?h=d1cb525d&itok=xiXgf09r
UFC Fight Night,Etihad Arena,Abu Dhabi United Arab Emirates,Light Heavyweight Bout,Prelims,Alonzo Menifield,https://dmxg5wxfqgb4u.cloudfront.net/styles/event_fight_card_upper_body_of_standing_athlete/s3/2024-06/MENIFIELD_ALONZO_L_05-11.png?itok=2zCYjxgH,United States,"
-
",Azamat Murzakanov,https://dmxg5wxfqgb4u.cloudfront.net/styles/event_fight_card_upper_body_of_standing_athlete/s3/2023-04/MURZAKANOV_AZAMAT_R_04-15.png?itok=kUrUJvL9,Russia,"
-
","Sat, Aug 3 / 6:00 PM SAST",https://dmxg5wxfqgb4u.cloudfront.net/styles/background_image_sm/s3/2024-06/080324-ufc-fight-night-sandhagen-vs-nurmagomedov-EVENT-ART.jpg?h=d1cb525d&itok=xiXgf09r
UFC Fight Night,Etihad Arena,Abu Dhabi United Arab Emirates,Lightweight Bout,Prelims,Mohammad Yahya,https://dmxg5wxfqgb4u.cloudfront.net/styles/event_fight_card_upper_body_of_standing_athlete/s3/2023-10/YAHYA_MOHAMMAD_L_10-21.png?itok=FQ_osjCm,United Arab Emirates,"
-
",Kauê Fernandes,https://dmxg5wxfqgb4u.cloudfront.net/styles/event_fight_card_upper_body_of_standing_athlete/s3/image/fighter_images/SHADOW_Fighter_fullLength_BLUE.png?VersionId=1Jeml9w1QwZqmMUJDg8qTrTk7fFhqUra&itok=fiyOmUkc,Brazil,"
-
","Sat, Aug 3 / 6:00 PM SAST",https://dmxg5wxfqgb4u.cloudfront.net/styles/background_image_sm/s3/2024-06/080324-ufc-fight-night-sandhagen-vs-nurmagomedov-EVENT-ART.jpg?h=d1cb525d&itok=xiXgf09r
UFC Fight Night,Etihad Arena,Abu Dhabi United Arab Emirates,Heavyweight Bout,Prelims,Shamil Gaziev,https://dmxg5wxfqgb4u.cloudfront.net/styles/event_fight_card_upper_body_of_standing_athlete/s3/2024-03/GAZIEV_SHAMIL_L_03-02.png?itok=BKkyUOa-,Bahrain,"
-
",Don'Tale Mayes,https://dmxg5wxfqgb4u.cloudfront.net/styles/event_fight_card_upper_body_of_standing_athlete/s3/2023-11/MAYES_DONTALE_R_11-04.png?itok=0K-HDLwo,United States,"
-
","Sat, Aug 3 / 6:00 PM SAST",https://dmxg5wxfqgb4u.cloudfront.net/styles/background_image_sm/s3/2024-06/080324-ufc-fight-night-sandhagen-vs-nurmagomedov-EVENT-ART.jpg?h=d1cb525d&itok=xiXgf09r
UFC Fight Night,Etihad Arena,Abu Dhabi United Arab Emirates,Lightweight Bout,Prelims,Guram Kutateladze,https://dmxg5wxfqgb4u.cloudfront.net/styles/event_fight_card_upper_body_of_standing_athlete/s3/2023-06/KUTATELADZE_GURAM_L_07-01.png?itok=_sSw8KK-,Georgia,"
-
",Jordan Vucenic,https://dmxg5wxfqgb4u.cloudfront.net/styles/event_fight_card_upper_body_of_standing_athlete/s3/image/fighter_images/SHADOW_Fighter_fullLength_BLUE.png?VersionId=1Jeml9w1QwZqmMUJDg8qTrTk7fFhqUra&itok=fiyOmUkc,,"
-
","Sat, Aug 3 / 6:00 PM SAST",https://dmxg5wxfqgb4u.cloudfront.net/styles/background_image_sm/s3/2024-06/080324-ufc-fight-night-sandhagen-vs-nurmagomedov-EVENT-ART.jpg?h=d1cb525d&itok=xiXgf09r
UFC Fight Night,Etihad Arena,Abu Dhabi United Arab Emirates,Women's Strawweight Bout,Prelims,Viktoriia Dudakova,https://dmxg5wxfqgb4u.cloudfront.net/styles/event_fight_card_upper_body_of_standing_athlete/s3/2024-03/DUDAKOVA_VIKTORIIA_L_03-30.png?itok=jsz6Iz9n,Russia,"
-
",Sam Hughes,https://dmxg5wxfqgb4u.cloudfront.net/styles/event_fight_card_upper_body_of_standing_athlete/s3/2024-02/HUGHES_SAM_R_02-24.png?itok=ofSE5I3B,United States,"
-
","Sat, Aug 3 / 6:00 PM SAST",https://dmxg5wxfqgb4u.cloudfront.net/styles/background_image_sm/s3/2024-06/080324-ufc-fight-night-sandhagen-vs-nurmagomedov-EVENT-ART.jpg?h=d1cb525d&itok=xiXgf09r
UFC Fight Night,Etihad Arena,Abu Dhabi United Arab Emirates,Lightweight Bout,Prelims,Jai Herbert,https://dmxg5wxfqgb4u.cloudfront.net/styles/event_fight_card_upper_body_of_standing_athlete/s3/2023-07/HERBERT_JAI_L_07-22.png?itok=AQIgVLTM,United Kingdom,"
-
",Rolando Bedoya,https://dmxg5wxfqgb4u.cloudfront.net/styles/event_fight_card_upper_body_of_standing_athlete/s3/2024-07/BEDOYA_ROLANDO_R_05_06.png?itok=lzo70tyb,Peru,"
-
","Sat, Aug 3 / 6:00 PM SAST",https://dmxg5wxfqgb4u.cloudfront.net/styles/background_image_sm/s3/2024-06/080324-ufc-fight-night-sandhagen-vs-nurmagomedov-EVENT-ART.jpg?h=d1cb525d&itok=xiXgf09r
UFC Fight Night,Etihad Arena,Abu Dhabi United Arab Emirates,Middleweight Bout,Prelims,Sedriques Dumas,https://dmxg5wxfqgb4u.cloudfront.net/styles/event_fight_card_upper_body_of_standing_athlete/s3/2023-03/DUMAS_SEDRIQUES_L_03-11.png?itok=gAlwxIJF,United States,"
-
",Denis Tiuliulin,https://dmxg5wxfqgb4u.cloudfront.net/styles/event_fight_card_upper_body_of_standing_athlete/s3/2023-11/TIULIULIN_DENIS_R_11-18.png?itok=KpqMKQno,Russia,"
-
","Sat, Aug 3 / 6:00 PM SAST",https://dmxg5wxfqgb4u.cloudfront.net/styles/background_image_sm/s3/2024-06/080324-ufc-fight-night-sandhagen-vs-nurmagomedov-EVENT-ART.jpg?h=d1cb525d&itok=xiXgf09r
UFC Fight Night,UFC APEX,"Las Vegas, NV United States",Heavyweight Bout,Main Card,Marcin Tybura,https://dmxg5wxfqgb4u.cloudfront.net/styles/event_fight_card_upper_body_of_standing_athlete/s3/2024-04/TYBURA_MARCIN_L_03-16.png?itok=GFxebzCQ,Poland,"
-
",Serghei Spivac,https://dmxg5wxfqgb4u.cloudfront.net/styles/event_fight_card_upper_body_of_standing_athlete/s3/2023-08/SPIVAC_SERGHEI_R_09-02.png?itok=edWQEXXr,Moldova,"
-
","Sun, Aug 11 / 1:00 AM SAST",https://dmxg5wxfqgb4u.cloudfront.net/styles/background_image_sm/s3/2024-07/081024-ufc-fight-night-tybura-vs-spivac-TEMP-HERO.jpg?h=d1cb525d&itok=5zXg8-_1
UFC Fight Night,UFC APEX,"Las Vegas, NV United States",Bantamweight Bout,Main Card,Chris Gutierrez,https://dmxg5wxfqgb4u.cloudfront.net/styles/event_fight_card_upper_body_of_standing_athlete/s3/2023-12/GUTIERREZ_CHRIS_L_10-14.png?itok=CoYsnxZU,United States,"
-
",Javid Basharat,https://dmxg5wxfqgb4u.cloudfront.net/styles/event_fight_card_upper_body_of_standing_athlete/s3/2024-02/BASHARAT_JAVID_R_03-02.png?itok=zJjM4dB1,,"
-
","Sun, Aug 11 / 1:00 AM SAST",https://dmxg5wxfqgb4u.cloudfront.net/styles/background_image_sm/s3/2024-07/081024-ufc-fight-night-tybura-vs-spivac-TEMP-HERO.jpg?h=d1cb525d&itok=5zXg8-_1
UFC Fight Night,UFC APEX,"Las Vegas, NV United States",Featherweight Bout,Main Card,Damon Jackson,https://dmxg5wxfqgb4u.cloudfront.net/styles/event_fight_card_upper_body_of_standing_athlete/s3/2022-09/JACKSON_DAMON_L_09-17.png?itok=hrnAmPPJ,United States,"
-
",Chepe Mariscal,https://dmxg5wxfqgb4u.cloudfront.net/styles/event_fight_card_upper_body_of_standing_athlete/s3/2024-04/MARISCAL_CHEPE_R_04-06.png?itok=2RDkccIW,United States,"
-
","Sun, Aug 11 / 1:00 AM SAST",https://dmxg5wxfqgb4u.cloudfront.net/styles/background_image_sm/s3/2024-07/081024-ufc-fight-night-tybura-vs-spivac-TEMP-HERO.jpg?h=d1cb525d&itok=5zXg8-_1
UFC Fight Night,UFC APEX,"Las Vegas, NV United States",Women's Bantamweight Bout,Main Card,Yana Santos,https://dmxg5wxfqgb4u.cloudfront.net/styles/event_fight_card_upper_body_of_standing_athlete/s3/2023-06/SANTOS_YANA_L_07-01.png?itok=6C1CgzLB,Russia,"
-
",Chelsea Chandler,https://dmxg5wxfqgb4u.cloudfront.net/styles/event_fight_card_upper_body_of_standing_athlete/s3/2024-03/CHANDLER_CHELSEA_R_03-16.png?itok=ufIL2FPk,United States,"
-
","Sun, Aug 11 / 1:00 AM SAST",https://dmxg5wxfqgb4u.cloudfront.net/styles/background_image_sm/s3/2024-07/081024-ufc-fight-night-tybura-vs-spivac-TEMP-HERO.jpg?h=d1cb525d&itok=5zXg8-_1
UFC Fight Night,UFC APEX,"Las Vegas, NV United States",Welterweight Bout,Main Card,Uroš Medić,https://dmxg5wxfqgb4u.cloudfront.net/styles/event_fight_card_upper_body_of_standing_athlete/s3/2023-11/MEDIC_UROS_L_11-18.png?itok=cWVSkjjz,Serbia,"
-
",Danny Barlow,https://dmxg5wxfqgb4u.cloudfront.net/styles/event_fight_card_upper_body_of_standing_athlete/s3/2024-02/BARLOW_DANNY_R_02-17.png?itok=CgJPl8mG,United States,"
-
","Sun, Aug 11 / 1:00 AM SAST",https://dmxg5wxfqgb4u.cloudfront.net/styles/background_image_sm/s3/2024-07/081024-ufc-fight-night-tybura-vs-spivac-TEMP-HERO.jpg?h=d1cb525d&itok=5zXg8-_1
UFC Fight Night,UFC APEX,"Las Vegas, NV United States",Flyweight Bout,Main Card,Allan Nascimento,https://dmxg5wxfqgb4u.cloudfront.net/styles/event_fight_card_upper_body_of_standing_athlete/s3/2023-01/NASCIMENTO_ALLAN_L_01-14.png?itok=g4mxFcv9,Brazil,"
-
",Jafel Filho,https://dmxg5wxfqgb4u.cloudfront.net/styles/event_fight_card_upper_body_of_standing_athlete/s3/2023-03/FILHO_JAFEL_R_03-18.png?itok=bG5e73s8,Brazil,"
-
","Sun, Aug 11 / 1:00 AM SAST",https://dmxg5wxfqgb4u.cloudfront.net/styles/background_image_sm/s3/2024-07/081024-ufc-fight-night-tybura-vs-spivac-TEMP-HERO.jpg?h=d1cb525d&itok=5zXg8-_1
UFC Fight Night,UFC APEX,"Las Vegas, NV United States",Bantamweight Bout,Prelims,Toshiomi Kazama,https://dmxg5wxfqgb4u.cloudfront.net/styles/event_fight_card_upper_body_of_standing_athlete/s3/2023-08/KAZAMA_TOSHIOMI_L.png?itok=Pbq-S635,Japan,"
-
",Charalampos Grigoriou,https://dmxg5wxfqgb4u.cloudfront.net/styles/event_fight_card_upper_body_of_standing_athlete/s3/2024-03/GRIGORIOU_CHARALAMPOS_R.png?itok=meUPfHUc,Cyprus,"
-
","Sat, Aug 10 / 10:00 PM SAST",https://dmxg5wxfqgb4u.cloudfront.net/styles/background_image_sm/s3/2024-07/081024-ufc-fight-night-tybura-vs-spivac-TEMP-HERO.jpg?h=d1cb525d&itok=5zXg8-_1
UFC Fight Night,UFC APEX,"Las Vegas, NV United States",Welterweight Bout,Prelims,Jonny Parsons,https://dmxg5wxfqgb4u.cloudfront.net/styles/event_fight_card_upper_body_of_standing_athlete/s3/2023-07/PARSONS_JONNY_L_07-22.png?itok=QM_RUFbz,United States,"
-
",Yusaku Kinoshita,https://dmxg5wxfqgb4u.cloudfront.net/styles/event_fight_card_upper_body_of_standing_athlete/s3/2023-08/KINOSHITA_YUSAKU_R.png?itok=7Tk34IPY,Japan,"
-
","Sat, Aug 10 / 10:00 PM SAST",https://dmxg5wxfqgb4u.cloudfront.net/styles/background_image_sm/s3/2024-07/081024-ufc-fight-night-tybura-vs-spivac-TEMP-HERO.jpg?h=d1cb525d&itok=5zXg8-_1
UFC Fight Night,UFC APEX,"Las Vegas, NV United States",Women's Bantamweight Bout,Prelims,Karol Rosa,https://dmxg5wxfqgb4u.cloudfront.net/styles/event_fight_card_upper_body_of_standing_athlete/s3/2023-04/ROSA_KAROL_L_04-22.png?itok=KSzbOkjZ,Brazil,"
-
",Pannie Kianzad,https://dmxg5wxfqgb4u.cloudfront.net/styles/event_fight_card_upper_body_of_standing_athlete/s3/2023-07/KIANZAD_PANNIE_R_07-22.png?itok=3dt6WLWz,Sweden,"
-
","Sat, Aug 10 / 10:00 PM SAST",https://dmxg5wxfqgb4u.cloudfront.net/styles/background_image_sm/s3/2024-07/081024-ufc-fight-night-tybura-vs-spivac-TEMP-HERO.jpg?h=d1cb525d&itok=5zXg8-_1
UFC Fight Night,UFC APEX,"Las Vegas, NV United States",Heavyweight Bout,Prelims,Jhonata Diniz,https://dmxg5wxfqgb4u.cloudfront.net/styles/event_fight_card_upper_body_of_standing_athlete/s3/2024-07/DINIZ_JHONATA_L_04-27.png?itok=UJG21jYa,Brazil,"
-
",Karl Williams,https://dmxg5wxfqgb4u.cloudfront.net/styles/event_fight_card_upper_body_of_standing_athlete/s3/2023-03/WILLIAMS_KARL_R_03-11.png?itok=7a_5ykIV,United States,"
-
","Sat, Aug 10 / 10:00 PM SAST",https://dmxg5wxfqgb4u.cloudfront.net/styles/background_image_sm/s3/2024-07/081024-ufc-fight-night-tybura-vs-spivac-TEMP-HERO.jpg?h=d1cb525d&itok=5zXg8-_1
UFC Fight Night,UFC APEX,"Las Vegas, NV United States",Featherweight Bout,Prelims,Youssef Zalal,https://dmxg5wxfqgb4u.cloudfront.net/styles/event_fight_card_upper_body_of_standing_athlete/s3/2022-08/ZALAL_YOUSSEF_L_08-13.png?itok=T1gd4GKF,Morocco,"
-
",Jarno Errens,https://dmxg5wxfqgb4u.cloudfront.net/styles/event_fight_card_upper_body_of_standing_athlete/s3/2023-08/ERRENS_JARNO_R.png?itok=9a-OcflO,Netherlands,"
-
","Sat, Aug 10 / 10:00 PM SAST",https://dmxg5wxfqgb4u.cloudfront.net/styles/background_image_sm/s3/2024-07/081024-ufc-fight-night-tybura-vs-spivac-TEMP-HERO.jpg?h=d1cb525d&itok=5zXg8-_1
UFC Fight Night,UFC APEX,"Las Vegas, NV United States",Women's Strawweight Bout,Prelims,Stephanie Luciano,https://dmxg5wxfqgb4u.cloudfront.net/styles/event_fight_card_upper_body_of_standing_athlete/s3/2024-07/BRUNA_STEPHANIE_L_09-19.png?itok=YBMwF-mQ,Brazil,"
-
",Talita Alencar,https://dmxg5wxfqgb4u.cloudfront.net/styles/event_fight_card_upper_body_of_standing_athlete/s3/2023-12/ALENCAR_TALITA_R_12-09.png?itok=2sVIwRKx,Brazil,"
-
","Sat, Aug 10 / 10:00 PM SAST",https://dmxg5wxfqgb4u.cloudfront.net/styles/background_image_sm/s3/2024-07/081024-ufc-fight-night-tybura-vs-spivac-TEMP-HERO.jpg?h=d1cb525d&itok=5zXg8-_1
